Sample	File1	File2
CTauTzN__738	/brendaData/xi/African1Kg/Wildebeest/4/SRR6902722_1.fastq.gz	/brendaData/xi/African1Kg/Wildebeest/4/SRR6902722_2.fastq.gz
CTauTzN__738	/brendaData/xi/African1Kg/Wildebeest/4/SRR6902723_1.fastq.gz	/brendaData/xi/African1Kg/Wildebeest/4/SRR6902723_2.fastq.gz
CTauTzN__739	/brendaData/xi/African1Kg/Wildebeest/1/SRR6902709_1.fastq.gz	/brendaData/xi/African1Kg/Wildebeest/1/SRR6902709_2.fastq.gz
CTauTzN__739	/brendaData/xi/African1Kg/Wildebeest/1/SRR6902710_1.fastq.gz	/brendaData/xi/African1Kg/Wildebeest/1/SRR6902710_2.fastq.gz
CTauTzN__739	/brendaData/xi/African1Kg/Wildebeest/2/SRR6902711_1.fastq.gz	/brendaData/xi/African1Kg/Wildebeest/2/SRR6902711_2.fastq.gz
CTauTzN__739	/brendaData/xi/African1Kg/Wildebeest/2/SRR6902712_1.fastq.gz	/brendaData/xi/African1Kg/Wildebeest/2/SRR6902712_2.fastq.gz
CTauTzN__739	/brendaData/xi/African1Kg/Wildebeest/2/SRR6902713_1.fastq.gz	/brendaData/xi/African1Kg/Wildebeest/2/SRR6902713_2.fastq.gz
CTauTzN__739	/brendaData/xi/African1Kg/Wildebeest/2/SRR6902714_1.fastq.gz	/brendaData/xi/African1Kg/Wildebeest/2/SRR6902714_2.fastq.gz
CTauTzN__739	/brendaData/xi/African1Kg/Wildebeest/3/SRR6902715_1.fastq.gz	/brendaData/xi/African1Kg/Wildebeest/3/SRR6902715_2.fastq.gz
CTauTzN__739	/brendaData/xi/African1Kg/Wildebeest/3/SRR6902716_1.fastq.gz	/brendaData/xi/African1Kg/Wildebeest/3/SRR6902716_2.fastq.gz
CTauTzN__739	/brendaData/xi/African1Kg/Wildebeest/3/SRR6902717_1.fastq.gz	/brendaData/xi/African1Kg/Wildebeest/3/SRR6902717_2.fastq.gz
CTauTzN__739	/brendaData/xi/African1Kg/Wildebeest/3/SRR6902718_1.fastq.gz	/brendaData/xi/African1Kg/Wildebeest/3/SRR6902718_2.fastq.gz
CTauTzN__739	/brendaData/xi/African1Kg/Wildebeest/4/SRR6902719_1.fastq.gz	/brendaData/xi/African1Kg/Wildebeest/4/SRR6902719_2.fastq.gz
CTauTzN__739	/brendaData/xi/African1Kg/Wildebeest/4/SRR6902720_1.fastq.gz	/brendaData/xi/African1Kg/Wildebeest/4/SRR6902720_2.fastq.gz
CTauTzN__739	/brendaData/xi/African1Kg/Wildebeest/4/SRR6902721_1.fastq.gz	/brendaData/xi/African1Kg/Wildebeest/4/SRR6902721_2.fastq.gz
CGnoNaC_2627	/jbod1/seqAfrica/raw/disk1/210219_SEQ014_FP100002001BL_L01_SP2101280164/FP100002001BL_L01_124_1.fq.gz	/jbod1/seqAfrica/raw/disk1/210219_SEQ014_FP100002001BL_L01_SP2101280164/FP100002001BL_L01_124_2.fq.gz
CGnoNaC_2628	/jbod1/seqAfrica/raw/disk1/210222_SEQ043_FP200000283TL_L01_SP2101280165/FP200000283TL_L01_125_1.fq.gz	/jbod1/seqAfrica/raw/disk1/210222_SEQ043_FP200000283TL_L01_SP2101280165/FP200000283TL_L01_125_2.fq.gz
CGnoNaC_2629	/jbod1/seqAfrica/raw/disk1/210222_SEQ043_FP200000283TL_L01_SP2101280166/FP200000283TL_L01_126_1.fq.gz	/jbod1/seqAfrica/raw/disk1/210222_SEQ043_FP200000283TL_L01_SP2101280166/FP200000283TL_L01_126_2.fq.gz
CGnoNaC_2630	/jbod1/seqAfrica/raw/theLost7/OBDWLZ-202012125D-01/2021-04-22/210123_SEQ041_FP200000263TL_L01_SP2101080440/FP200000263TL_L01_503_1.fq.gz	/jbod1/seqAfrica/raw/theLost7/OBDWLZ-202012125D-01/2021-04-22/210123_SEQ041_FP200000263TL_L01_SP2101080440/FP200000263TL_L01_503_2.fq.gz
CGnoNaC_2632	/jbod1/seqAfrica/raw/disk2/210123_SEQ041_FP200000263TL_L01_SP2101080441/FP200000263TL_L01_504_1.fq.gz	/jbod1/seqAfrica/raw/disk2/210123_SEQ041_FP200000263TL_L01_SP2101080441/FP200000263TL_L01_504_2.fq.gz
CGnoNaC_2633	/jbod1/seqAfrica/raw/disk4/210123_SEQ043_FP200000264TL_L01_SP2101080442/FP200000264TL_L01_505_1.fq.gz	/jbod1/seqAfrica/raw/disk4/210123_SEQ043_FP200000264TL_L01_SP2101080442/FP200000264TL_L01_505_2.fq.gz
CGnoNaC_2634	/jbod1/seqAfrica/raw/disk1/210222_SEQ043_FP200000283TL_L01_SP2101280167/FP200000283TL_L01_127_1.fq.gz	/jbod1/seqAfrica/raw/disk1/210222_SEQ043_FP200000283TL_L01_SP2101280167/FP200000283TL_L01_127_2.fq.gz
CGnoNaC__926	/jbod1/seqAfrica/raw/disk1/210222_SEQ043_FP200000283TL_L01_SP2101280168/FP200000283TL_L01_128_1.fq.gz	/jbod1/seqAfrica/raw/disk1/210222_SEQ043_FP200000283TL_L01_SP2101280168/FP200000283TL_L01_128_2.fq.gz
CGnoNaC__926	/jbod1/seqAfrica/raw/disk4/210306_SEQ024_FP100002289BR_L01_SP2101280168/FP100002289BR_L01_128_1.fq.gz	/jbod1/seqAfrica/raw/disk4/210306_SEQ024_FP100002289BR_L01_SP2101280168/FP100002289BR_L01_128_2.fq.gz
CGnoNaC__953	/jbod1/seqAfrica/raw/disk4/210123_SEQ043_FP200000264TL_L01_SP2101080443/FP200000264TL_L01_506_1.fq.gz	/jbod1/seqAfrica/raw/disk4/210123_SEQ043_FP200000264TL_L01_SP2101080443/FP200000264TL_L01_506_2.fq.gz
CGnoNaC__954	/jbod1/seqAfrica/raw/disk4/210123_SEQ043_FP200000264TL_L01_SP2101080444/FP200000264TL_L01_507_1.fq.gz	/jbod1/seqAfrica/raw/disk4/210123_SEQ043_FP200000264TL_L01_SP2101080444/FP200000264TL_L01_507_2.fq.gz
CGnoNaC__962	/jbod1/seqAfrica/raw/disk4/210123_SEQ043_FP200000264TL_L01_SP2101080445/FP200000264TL_L01_508_1.fq.gz	/jbod1/seqAfrica/raw/disk4/210123_SEQ043_FP200000264TL_L01_SP2101080445/FP200000264TL_L01_508_2.fq.gz
CGnoNaC_1324	/jbod1/seqAfrica/raw/disk4/210123_SEQ043_FP200000264TL_L01_SP2101080446/FP200000264TL_L01_509_1.fq.gz	/jbod1/seqAfrica/raw/disk4/210123_SEQ043_FP200000264TL_L01_SP2101080446/FP200000264TL_L01_509_2.fq.gz
CGnoNaC_1329	/jbod1/seqAfrica/raw/disk4/210123_SEQ043_FP200000264TL_L01_SP2101080447/FP200000264TL_L01_510_1.fq.gz	/jbod1/seqAfrica/raw/disk4/210123_SEQ043_FP200000264TL_L01_SP2101080447/FP200000264TL_L01_510_2.fq.gz
CGnoNaC_1356	/jbod1/seqAfrica/raw/disk4/210123_SEQ043_FP200000264TL_L01_SP2101080448/FP200000264TL_L01_511_1.fq.gz	/jbod1/seqAfrica/raw/disk4/210123_SEQ043_FP200000264TL_L01_SP2101080448/FP200000264TL_L01_511_2.fq.gz
CTauBwC__759	/jbod1/seqAfrica/raw/disk4/210306_SEQ024_FP100002290BR_L01_SP2101280144/FP100002290BR_L01_88_1.fq.gz	/jbod1/seqAfrica/raw/disk4/210306_SEQ024_FP100002290BR_L01_SP2101280144/FP100002290BR_L01_88_2.fq.gz
CTauBwC__760	/jbod1/seqAfrica/raw/disk4/210306_SEQ024_FP100002290BR_L01_SP2101280145/FP100002290BR_L01_89_1.fq.gz	/jbod1/seqAfrica/raw/disk4/210306_SEQ024_FP100002290BR_L01_SP2101280145/FP100002290BR_L01_89_2.fq.gz
CTauBwC__761	/jbod1/seqAfrica/raw/disk4/210306_SEQ024_FP100002290BR_L01_SP2101280146/FP100002290BR_L01_90_1.fq.gz	/jbod1/seqAfrica/raw/disk4/210306_SEQ024_FP100002290BR_L01_SP2101280146/FP100002290BR_L01_90_2.fq.gz
CTauBwC__762	/jbod1/seqAfrica/raw/disk4/210301_SEQ022_FP100001989BR_L01_SP2101280147/FP100001989BR_L01_91_1.fq.gz	/jbod1/seqAfrica/raw/disk4/210301_SEQ022_FP100001989BR_L01_SP2101280147/FP100001989BR_L01_91_2.fq.gz
CTauBwC__763	/jbod1/seqAfrica/raw/disk4/210301_SEQ022_FP100001989BR_L01_SP2101280148/FP100001989BR_L01_92_1.fq.gz	/jbod1/seqAfrica/raw/disk4/210301_SEQ022_FP100001989BR_L01_SP2101280148/FP100001989BR_L01_92_2.fq.gz
CTauBwC__764	/jbod1/seqAfrica/raw/disk4/210301_SEQ022_FP100001989BR_L01_SP2101280149/FP100001989BR_L01_93_1.fq.gz	/jbod1/seqAfrica/raw/disk4/210301_SEQ022_FP100001989BR_L01_SP2101280149/FP100001989BR_L01_93_2.fq.gz
CTauBwC__765	/jbod1/seqAfrica/raw/disk4/210301_SEQ022_FP100001989BR_L01_SP2101280150/FP100001989BR_L01_94_1.fq.gz	/jbod1/seqAfrica/raw/disk4/210301_SEQ022_FP100001989BR_L01_SP2101280150/FP100001989BR_L01_94_2.fq.gz
CTauBwC__766	/jbod1/seqAfrica/raw/disk4/210301_SEQ022_FP100001989BR_L01_SP2101280151/FP100001989BR_L01_95_1.fq.gz	/jbod1/seqAfrica/raw/disk4/210301_SEQ022_FP100001989BR_L01_SP2101280151/FP100001989BR_L01_95_2.fq.gz
CTauBwC__767	/jbod1/seqAfrica/raw/disk4/210301_SEQ022_FP100001989BR_L01_SP2101280152/FP100001989BR_L01_96_1.fq.gz	/jbod1/seqAfrica/raw/disk4/210301_SEQ022_FP100001989BR_L01_SP2101280152/FP100001989BR_L01_96_2.fq.gz
CTauBwC__768	/jbod1/seqAfrica/raw/disk4/210302_SEQ023_FP100001991BR_L01_SP2101280153/FP100001991BR_L01_97_1.fq.gz	/jbod1/seqAfrica/raw/disk4/210302_SEQ023_FP100001991BR_L01_SP2101280153/FP100001991BR_L01_97_2.fq.gz
CTauBwC__769	/jbod1/seqAfrica/raw/disk4/210302_SEQ023_FP100001991BR_L01_SP2101280154/FP100001991BR_L01_98_1.fq.gz	/jbod1/seqAfrica/raw/disk4/210302_SEQ023_FP100001991BR_L01_SP2101280154/FP100001991BR_L01_98_2.fq.gz
CTauBwN_2245	/jbod1/seqAfrica/raw/disk4/210302_SEQ023_FP100001991BR_L01_SP2101280155/FP100001991BR_L01_99_1.fq.gz	/jbod1/seqAfrica/raw/disk4/210302_SEQ023_FP100001991BR_L01_SP2101280155/FP100001991BR_L01_99_2.fq.gz
CTauBwN_2248	/jbod1/seqAfrica/raw/disk1/210220_SEQ013_FP100002004BL_L01_SP2101080405/FP100002004BL_L01_564_1.fq.gz	/jbod1/seqAfrica/raw/disk1/210220_SEQ013_FP100002004BL_L01_SP2101080405/FP100002004BL_L01_564_2.fq.gz
CTauBwN_2250	/jbod1/seqAfrica/raw/disk1/210220_SEQ013_FP100002004BL_L01_SP2101080406/FP100002004BL_L01_565_1.fq.gz	/jbod1/seqAfrica/raw/disk1/210220_SEQ013_FP100002004BL_L01_SP2101080406/FP100002004BL_L01_565_2.fq.gz
CTauBwN_2252	/jbod1/seqAfrica/raw/disk1/210220_SEQ013_FP100002004BL_L01_SP2101080407/FP100002004BL_L01_566_1.fq.gz	/jbod1/seqAfrica/raw/disk1/210220_SEQ013_FP100002004BL_L01_SP2101080407/FP100002004BL_L01_566_2.fq.gz
CTauBwN_2261	/jbod1/seqAfrica/raw/disk4/210301_SEQ022_FP100001989BR_L01_SP2101280156/FP100001989BR_L01_100_1.fq.gz	/jbod1/seqAfrica/raw/disk4/210301_SEQ022_FP100001989BR_L01_SP2101280156/FP100001989BR_L01_100_2.fq.gz
CTauBwN_7800	/jbod1/seqAfrica/raw/disk4/210302_SEQ023_FP100001991BR_L01_SP2101280157/FP100001991BR_L01_101_1.fq.gz	/jbod1/seqAfrica/raw/disk4/210302_SEQ023_FP100001991BR_L01_SP2101280157/FP100001991BR_L01_101_2.fq.gz
CTauBwN_1937	/jbod1/seqAfrica/raw/disk1/210220_SEQ013_FP100002004BL_L01_SP2101080408/FP100002004BL_L01_567_1.fq.gz	/jbod1/seqAfrica/raw/disk1/210220_SEQ013_FP100002004BL_L01_SP2101080408/FP100002004BL_L01_567_2.fq.gz
CTauBwN_1973	/jbod1/seqAfrica/raw/disk1/210220_SEQ013_FP100002004BL_L01_SP2101080409/FP100002004BL_L01_568_1.fq.gz	/jbod1/seqAfrica/raw/disk1/210220_SEQ013_FP100002004BL_L01_SP2101080409/FP100002004BL_L01_568_2.fq.gz
CTauBwN_2053	/jbod1/seqAfrica/raw/disk1/210220_SEQ013_FP100002004BL_L01_SP2101080410/FP100002004BL_L01_569_1.fq.gz	/jbod1/seqAfrica/raw/disk1/210220_SEQ013_FP100002004BL_L01_SP2101080410/FP100002004BL_L01_569_2.fq.gz
CTauKeS__698	/jbod1/seqAfrica/raw/disk1/210220_SEQ013_FP100002004BL_L01_SP2101080411/FP100002004BL_L01_570_1.fq.gz	/jbod1/seqAfrica/raw/disk1/210220_SEQ013_FP100002004BL_L01_SP2101080411/FP100002004BL_L01_570_2.fq.gz
CTauKeS__699	/jbod1/seqAfrica/raw/disk1/210220_SEQ013_FP100002004BL_L01_SP2101080412/FP100002004BL_L01_571_1.fq.gz	/jbod1/seqAfrica/raw/disk1/210220_SEQ013_FP100002004BL_L01_SP2101080412/FP100002004BL_L01_571_2.fq.gz
CTauKeS__700	/jbod1/seqAfrica/raw/disk2/210130_SEQ022_FP100002218TR_L01_SP2101080413/FP100002218TR_L01_572_1.fq.gz	/jbod1/seqAfrica/raw/disk2/210130_SEQ022_FP100002218TR_L01_SP2101080413/FP100002218TR_L01_572_2.fq.gz
CTauKeS__701	/jbod1/seqAfrica/raw/disk2/210123_SEQ041_FP200000263TL_L01_SP2101080414/FP200000263TL_L01_573_1.fq.gz	/jbod1/seqAfrica/raw/disk2/210123_SEQ041_FP200000263TL_L01_SP2101080414/FP200000263TL_L01_573_2.fq.gz
CTauKeS__702	/jbod1/seqAfrica/raw/disk2/210123_SEQ041_FP200000263TL_L01_SP2101080415/FP200000263TL_L01_574_1.fq.gz	/jbod1/seqAfrica/raw/disk2/210123_SEQ041_FP200000263TL_L01_SP2101080415/FP200000263TL_L01_574_2.fq.gz
CTauKeS__704	/jbod1/seqAfrica/raw/disk2/210123_SEQ041_FP200000263TL_L01_SP2101080416/FP200000263TL_L01_575_1.fq.gz	/jbod1/seqAfrica/raw/disk2/210123_SEQ041_FP200000263TL_L01_SP2101080416/FP200000263TL_L01_575_2.fq.gz
CTauKeS__705	/jbod1/seqAfrica/raw/disk2/210123_SEQ041_FP200000263TL_L01_SP2101080417/FP200000263TL_L01_576_1.fq.gz	/jbod1/seqAfrica/raw/disk2/210123_SEQ041_FP200000263TL_L01_SP2101080417/FP200000263TL_L01_576_2.fq.gz
CTauKeS__706	/jbod1/seqAfrica/raw/disk4/210127_SEQ044_FP200000258BR_L01_SP2101080418/FP200000258BR_L01_577_1.fq.gz	/jbod1/seqAfrica/raw/disk4/210127_SEQ044_FP200000258BR_L01_SP2101080418/FP200000258BR_L01_577_2.fq.gz
CTauKeS__707	/jbod1/seqAfrica/raw/disk4/210127_SEQ044_FP200000258BR_L01_SP2101080419/FP200000258BR_L01_578_1.fq.gz	/jbod1/seqAfrica/raw/disk4/210127_SEQ044_FP200000258BR_L01_SP2101080419/FP200000258BR_L01_578_2.fq.gz
CTauKeW__638	/jbod1/seqAfrica/raw/disk4/210127_SEQ044_FP200000258BR_L01_SP2101080420/FP200000258BR_L01_579_1.fq.gz	/jbod1/seqAfrica/raw/disk4/210127_SEQ044_FP200000258BR_L01_SP2101080420/FP200000258BR_L01_579_2.fq.gz
CTauKeW__640	/jbod1/seqAfrica/raw/disk4/210127_SEQ044_FP200000258BR_L01_SP2101080421/FP200000258BR_L01_580_1.fq.gz	/jbod1/seqAfrica/raw/disk4/210127_SEQ044_FP200000258BR_L01_SP2101080421/FP200000258BR_L01_580_2.fq.gz
CTauKeW__641	/jbod1/seqAfrica/raw/disk4/210123_SEQ043_FP200000264TL_L01_SP2101080422/FP200000264TL_L01_581_1.fq.gz	/jbod1/seqAfrica/raw/disk4/210123_SEQ043_FP200000264TL_L01_SP2101080422/FP200000264TL_L01_581_2.fq.gz
CTauKeW__642	/jbod1/seqAfrica/raw/disk4/210123_SEQ043_FP200000264TL_L01_SP2101080423/FP200000264TL_L01_582_1.fq.gz	/jbod1/seqAfrica/raw/disk4/210123_SEQ043_FP200000264TL_L01_SP2101080423/FP200000264TL_L01_582_2.fq.gz
CTauKeW__643	/jbod1/seqAfrica/raw/disk2/210123_SEQ041_FP200000263TL_L01_SP2101080424/FP200000263TL_L01_583_1.fq.gz	/jbod1/seqAfrica/raw/disk2/210123_SEQ041_FP200000263TL_L01_SP2101080424/FP200000263TL_L01_583_2.fq.gz
CTauKeW__644	/jbod1/seqAfrica/raw/disk4/210123_SEQ043_FP200000264TL_L01_SP2101080425/FP200000264TL_L01_584_1.fq.gz	/jbod1/seqAfrica/raw/disk4/210123_SEQ043_FP200000264TL_L01_SP2101080425/FP200000264TL_L01_584_2.fq.gz
CTauKeW__645	/jbod1/seqAfrica/raw/disk2/210123_SEQ041_FP200000263TL_L01_SP2101080426/FP200000263TL_L01_585_1.fq.gz	/jbod1/seqAfrica/raw/disk2/210123_SEQ041_FP200000263TL_L01_SP2101080426/FP200000263TL_L01_585_2.fq.gz
CTauKeW__646	/jbod1/seqAfrica/raw/disk4/210123_SEQ043_FP200000264TL_L01_SP2101080427/FP200000264TL_L01_586_1.fq.gz	/jbod1/seqAfrica/raw/disk4/210123_SEQ043_FP200000264TL_L01_SP2101080427/FP200000264TL_L01_586_2.fq.gz
CTauKeW__648	/jbod1/seqAfrica/raw/disk4/210123_SEQ043_FP200000264TL_L01_SP2101080428/FP200000264TL_L01_587_1.fq.gz	/jbod1/seqAfrica/raw/disk4/210123_SEQ043_FP200000264TL_L01_SP2101080428/FP200000264TL_L01_587_2.fq.gz
CTauKeW__649	/jbod1/seqAfrica/raw/disk2/210123_SEQ041_FP200000263TL_L01_SP2101080429/FP200000263TL_L01_588_1.fq.gz	/jbod1/seqAfrica/raw/disk2/210123_SEQ041_FP200000263TL_L01_SP2101080429/FP200000263TL_L01_588_2.fq.gz
CTauKeS__709	/jbod1/seqAfrica/raw/disk4/210302_SEQ023_FP100001991BR_L01_SP2101280158/FP100001991BR_L01_102_1.fq.gz	/jbod1/seqAfrica/raw/disk4/210302_SEQ023_FP100001991BR_L01_SP2101280158/FP100001991BR_L01_102_2.fq.gz
CTauKeS__710	/jbod1/seqAfrica/raw/disk4/210302_SEQ023_FP100001991BR_L01_SP2101280159/FP100001991BR_L01_103_1.fq.gz	/jbod1/seqAfrica/raw/disk4/210302_SEQ023_FP100001991BR_L01_SP2101280159/FP100001991BR_L01_103_2.fq.gz
CTauKeS__711	/jbod1/seqAfrica/raw/disk4/210302_SEQ023_FP100001991BR_L01_SP2101280160/FP100001991BR_L01_104_1.fq.gz	/jbod1/seqAfrica/raw/disk4/210302_SEQ023_FP100001991BR_L01_SP2101280160/FP100001991BR_L01_104_2.fq.gz
CTauKeS__712	/jbod1/seqAfrica/raw/disk1/210219_SEQ014_FP100002001BL_L01_SP2101280161/FP100002001BL_L01_121_1.fq.gz	/jbod1/seqAfrica/raw/disk1/210219_SEQ014_FP100002001BL_L01_SP2101280161/FP100002001BL_L01_121_2.fq.gz
CTauKeS__713	/jbod1/seqAfrica/raw/disk1/210219_SEQ014_FP100002001BL_L01_SP2101280162/FP100002001BL_L01_122_1.fq.gz	/jbod1/seqAfrica/raw/disk1/210219_SEQ014_FP100002001BL_L01_SP2101280162/FP100002001BL_L01_122_2.fq.gz
CTauKeS__714	/jbod1/seqAfrica/raw/disk1/210219_SEQ014_FP100002001BL_L01_SP2101280163/FP100002001BL_L01_123_1.fq.gz	/jbod1/seqAfrica/raw/disk1/210219_SEQ014_FP100002001BL_L01_SP2101280163/FP100002001BL_L01_123_2.fq.gz
CTauKeS__715	/jbod1/seqAfrica/raw/disk4/210130_SEQ022_FP100002218TR_L01_SP2101080430/FP100002218TR_L01_589_1.fq.gz	/jbod1/seqAfrica/raw/disk4/210130_SEQ022_FP100002218TR_L01_SP2101080430/FP100002218TR_L01_589_2.fq.gz
CTauKeS__716	/jbod1/seqAfrica/raw/theLost7/OBDWLZ-202012125D-01/2021-04-22/210130_SEQ022_FP100002218TR_L01_SP2101080431/FP100002218TR_L01_590_1.fq.gz	/jbod1/seqAfrica/raw/theLost7/OBDWLZ-202012125D-01/2021-04-22/210130_SEQ022_FP100002218TR_L01_SP2101080431/FP100002218TR_L01_590_2.fq.gz
CTauKeS__717	/jbod1/seqAfrica/raw/disk2/210123_SEQ041_FP200000263TL_L01_SP2101080432/FP200000263TL_L01_591_1.fq.gz	/jbod1/seqAfrica/raw/disk2/210123_SEQ041_FP200000263TL_L01_SP2101080432/FP200000263TL_L01_591_2.fq.gz
CTauKeS__718	/jbod1/seqAfrica/raw/theLost7/OBDWLZ-202012125D-01/2021-04-22/210123_SEQ041_FP200000263TL_L01_SP2101080433/FP200000263TL_L01_592_1.fq.gz	/jbod1/seqAfrica/raw/theLost7/OBDWLZ-202012125D-01/2021-04-22/210123_SEQ041_FP200000263TL_L01_SP2101080433/FP200000263TL_L01_592_2.fq.gz
CTauNaN_2489	/jbod1/seqAfrica/raw/disk2/210123_SEQ041_FP200000263TL_L01_SP2101080434/FP200000263TL_L01_593_1.fq.gz	/jbod1/seqAfrica/raw/disk2/210123_SEQ041_FP200000263TL_L01_SP2101080434/FP200000263TL_L01_593_2.fq.gz
CTauNaN_2495	/jbod1/seqAfrica/raw/disk2/210123_SEQ041_FP200000263TL_L01_SP2101080435/FP200000263TL_L01_594_1.fq.gz	/jbod1/seqAfrica/raw/disk2/210123_SEQ041_FP200000263TL_L01_SP2101080435/FP200000263TL_L01_594_2.fq.gz
CTauNaN_2496	/jbod1/seqAfrica/raw/disk2/210123_SEQ041_FP200000263TL_L01_SP2101080436/FP200000263TL_L01_595_1.fq.gz	/jbod1/seqAfrica/raw/disk2/210123_SEQ041_FP200000263TL_L01_SP2101080436/FP200000263TL_L01_595_2.fq.gz
CTauNaN_2500	/jbod1/seqAfrica/raw/disk2/210123_SEQ041_FP200000263TL_L01_SP2101080437/FP200000263TL_L01_596_1.fq.gz	/jbod1/seqAfrica/raw/disk2/210123_SEQ041_FP200000263TL_L01_SP2101080437/FP200000263TL_L01_596_2.fq.gz
CTauNaN_2503	/jbod1/seqAfrica/raw/disk2/210123_SEQ041_FP200000263TL_L01_SP2101080438/FP200000263TL_L01_501_1.fq.gz	/jbod1/seqAfrica/raw/disk2/210123_SEQ041_FP200000263TL_L01_SP2101080438/FP200000263TL_L01_501_2.fq.gz
CTauNaN_2506	/jbod1/seqAfrica/raw/disk2/210123_SEQ041_FP200000263TL_L01_SP2101080439/FP200000263TL_L01_502_1.fq.gz	/jbod1/seqAfrica/raw/disk2/210123_SEQ041_FP200000263TL_L01_SP2101080439/FP200000263TL_L01_502_2.fq.gz
CTauZaN__914	/jbod1/seqAfrica/raw/disk1/210222_SEQ043_FP200000283TL_L01_SP2101280175/FP200000283TL_L01_114_1.fq.gz	/jbod1/seqAfrica/raw/disk1/210222_SEQ043_FP200000283TL_L01_SP2101280175/FP200000283TL_L01_114_2.fq.gz
CTauTzN_2165	/jbod1/seqAfrica/raw/disk1/210222_SEQ043_FP200000283TL_L01_SP2101280176/FP200000283TL_L01_32_1.fq.gz	/jbod1/seqAfrica/raw/disk1/210222_SEQ043_FP200000283TL_L01_SP2101280176/FP200000283TL_L01_32_2.fq.gz
CTauTzN_2199	/jbod1/seqAfrica/raw/disk1/210222_SEQ043_FP200000283TL_L01_SP2101280177/FP200000283TL_L01_33_1.fq.gz	/jbod1/seqAfrica/raw/disk1/210222_SEQ043_FP200000283TL_L01_SP2101280177/FP200000283TL_L01_33_2.fq.gz
CTauTzN_3171	/jbod1/seqAfrica/raw/disk1/210222_SEQ043_FP200000283TL_L01_SP2101280178/FP200000283TL_L01_34_1.fq.gz	/jbod1/seqAfrica/raw/disk1/210222_SEQ043_FP200000283TL_L01_SP2101280178/FP200000283TL_L01_34_2.fq.gz
CTauTzN_3172	/jbod1/seqAfrica/raw/disk1/210222_SEQ043_FP200000283TL_L01_SP2101280179/FP200000283TL_L01_35_1.fq.gz	/jbod1/seqAfrica/raw/disk1/210222_SEQ043_FP200000283TL_L01_SP2101280179/FP200000283TL_L01_35_2.fq.gz
CTauTzN_4275	/jbod1/seqAfrica/raw/disk4/210123_SEQ043_FP200000264TL_L01_SP2101080449/FP200000264TL_L01_512_1.fq.gz	/jbod1/seqAfrica/raw/disk4/210123_SEQ043_FP200000264TL_L01_SP2101080449/FP200000264TL_L01_512_2.fq.gz
CTauTzN_4276	/jbod1/seqAfrica/raw/disk2/210127_SEQ044_FP200000259BR_L01_SP2101080450/FP200000259BR_L01_513_1.fq.gz	/jbod1/seqAfrica/raw/disk2/210127_SEQ044_FP200000259BR_L01_SP2101080450/FP200000259BR_L01_513_2.fq.gz
CTauTzN_4278	/jbod1/seqAfrica/raw/disk1/210222_SEQ043_FP200000283TL_L01_SP2101280169/FP200000283TL_L01_25_1.fq.gz	/jbod1/seqAfrica/raw/disk1/210222_SEQ043_FP200000283TL_L01_SP2101280169/FP200000283TL_L01_25_2.fq.gz
CTauTzN_4278	/jbod1/seqAfrica/raw/disk4/210306_SEQ024_FP100002289BR_L01_SP2101280169/FP100002289BR_L01_25_1.fq.gz	/jbod1/seqAfrica/raw/disk4/210306_SEQ024_FP100002289BR_L01_SP2101280169/FP100002289BR_L01_25_2.fq.gz
CTauTzN_4279	/jbod1/seqAfrica/raw/disk4/210127_SEQ044_FP200000259BR_L01_SP2101080451/FP200000259BR_L01_514_1.fq.gz	/jbod1/seqAfrica/raw/disk4/210127_SEQ044_FP200000259BR_L01_SP2101080451/FP200000259BR_L01_514_2.fq.gz
CTauTzN_4498	/jbod1/seqAfrica/raw/disk1/210222_SEQ043_FP200000283TL_L01_SP2101280170/FP200000283TL_L01_26_1.fq.gz	/jbod1/seqAfrica/raw/disk1/210222_SEQ043_FP200000283TL_L01_SP2101280170/FP200000283TL_L01_26_2.fq.gz
CTauTzN_4499	/jbod1/seqAfrica/raw/disk1/210222_SEQ043_FP200000283TL_L01_SP2101280171/FP200000283TL_L01_117_1.fq.gz	/jbod1/seqAfrica/raw/disk1/210222_SEQ043_FP200000283TL_L01_SP2101280171/FP200000283TL_L01_117_2.fq.gz
CTauTzN_4499	/jbod1/seqAfrica/raw/disk4/210306_SEQ024_FP100002290BR_L01_SP2101280171/FP100002290BR_L01_117_1.fq.gz	/jbod1/seqAfrica/raw/disk4/210306_SEQ024_FP100002290BR_L01_SP2101280171/FP100002290BR_L01_117_2.fq.gz
CTauTzN_4501	/jbod1/seqAfrica/raw/disk1/210222_SEQ043_FP200000283TL_L01_SP2101280172/FP200000283TL_L01_28_1.fq.gz	/jbod1/seqAfrica/raw/disk1/210222_SEQ043_FP200000283TL_L01_SP2101280172/FP200000283TL_L01_28_2.fq.gz
CTauTzN_4501	/jbod1/seqAfrica/raw/disk4/210306_SEQ024_FP100002289BR_L01_SP2101280172/FP100002289BR_L01_28_1.fq.gz	/jbod1/seqAfrica/raw/disk4/210306_SEQ024_FP100002289BR_L01_SP2101280172/FP100002289BR_L01_28_2.fq.gz
CTauTzN_4502	/jbod1/seqAfrica/raw/disk1/210222_SEQ043_FP200000283TL_L01_SP2101280173/FP200000283TL_L01_29_1.fq.gz	/jbod1/seqAfrica/raw/disk1/210222_SEQ043_FP200000283TL_L01_SP2101280173/FP200000283TL_L01_29_2.fq.gz
CTauTzN_4284	/jbod1/seqAfrica/raw/disk4/210123_SEQ043_FP200000264TL_L01_SP2101080452/FP200000264TL_L01_515_1.fq.gz	/jbod1/seqAfrica/raw/disk4/210123_SEQ043_FP200000264TL_L01_SP2101080452/FP200000264TL_L01_515_2.fq.gz
CTauTzN_4285	/jbod1/seqAfrica/raw/disk4/210123_SEQ043_FP200000264TL_L01_SP2101080453/FP200000264TL_L01_516_1.fq.gz	/jbod1/seqAfrica/raw/disk4/210123_SEQ043_FP200000264TL_L01_SP2101080453/FP200000264TL_L01_516_2.fq.gz
CTauTzN_4496	/jbod1/seqAfrica/raw/disk1/210222_SEQ043_FP200000283TL_L01_SP2101280174/FP200000283TL_L01_30_1.fq.gz	/jbod1/seqAfrica/raw/disk1/210222_SEQ043_FP200000283TL_L01_SP2101280174/FP200000283TL_L01_30_2.fq.gz
CTauTzN_4497	/jbod1/seqAfrica/raw/disk4/210127_SEQ044_FP200000259BR_L01_SP2101080454/FP200000259BR_L01_517_1.fq.gz	/jbod1/seqAfrica/raw/disk4/210127_SEQ044_FP200000259BR_L01_SP2101080454/FP200000259BR_L01_517_2.fq.gz
CTauTzN_5188	/jbod1/seqAfrica/raw/disk4/210127_SEQ041_FP200000267BR_L01_SP2101080455/FP200000267BR_L01_518_1.fq.gz	/jbod1/seqAfrica/raw/disk4/210127_SEQ041_FP200000267BR_L01_SP2101080455/FP200000267BR_L01_518_2.fq.gz
CTauTzN_8202	/jbod1/seqAfrica/raw/disk1/210222_SEQ043_FP200000283TL_L01_SP2101280180/FP200000283TL_L01_36_1.fq.gz	/jbod1/seqAfrica/raw/disk1/210222_SEQ043_FP200000283TL_L01_SP2101280180/FP200000283TL_L01_36_2.fq.gz
CTauTzN_8870	/jbod1/seqAfrica/raw/disk1/210222_SEQ043_FP200000283TL_L01_SP2101280181/FP200000283TL_L01_37_1.fq.gz	/jbod1/seqAfrica/raw/disk1/210222_SEQ043_FP200000283TL_L01_SP2101280181/FP200000283TL_L01_37_2.fq.gz
CTauTzN_8871	/jbod1/seqAfrica/raw/disk1/210222_SEQ043_FP200000283TL_L01_SP2101280182/FP200000283TL_L01_38_1.fq.gz	/jbod1/seqAfrica/raw/disk1/210222_SEQ043_FP200000283TL_L01_SP2101280182/FP200000283TL_L01_38_2.fq.gz
CTauTzN_3174	/jbod1/seqAfrica/raw/disk1/210222_SEQ043_FP200000283TL_L01_SP2101280183/FP200000283TL_L01_39_1.fq.gz	/jbod1/seqAfrica/raw/disk1/210222_SEQ043_FP200000283TL_L01_SP2101280183/FP200000283TL_L01_39_2.fq.gz
CTauTzS_3709	/jbod1/seqAfrica/raw/disk4/210127_SEQ044_FP200000259BR_L01_SP2101080456/FP200000259BR_L01_519_1.fq.gz	/jbod1/seqAfrica/raw/disk4/210127_SEQ044_FP200000259BR_L01_SP2101080456/FP200000259BR_L01_519_2.fq.gz
CTauTzS_3711	/jbod1/seqAfrica/raw/disk2/210127_SEQ041_FP200000267BR_L01_SP2101080457/FP200000267BR_L01_520_1.fq.gz	/jbod1/seqAfrica/raw/disk2/210127_SEQ041_FP200000267BR_L01_SP2101080457/FP200000267BR_L01_520_2.fq.gz
CTauTzS_7105	/jbod1/seqAfrica/raw/disk1/210222_SEQ043_FP200000283TL_L01_SP2101280184/FP200000283TL_L01_115_1.fq.gz	/jbod1/seqAfrica/raw/disk1/210222_SEQ043_FP200000283TL_L01_SP2101280184/FP200000283TL_L01_115_2.fq.gz
CTauTzS_7106	/jbod1/seqAfrica/raw/disk1/210222_SEQ043_FP200000283TL_L01_SP2101280185/FP200000283TL_L01_49_1.fq.gz	/jbod1/seqAfrica/raw/disk1/210222_SEQ043_FP200000283TL_L01_SP2101280185/FP200000283TL_L01_49_2.fq.gz
CTauTzS_7107	/jbod1/seqAfrica/raw/disk1/210222_SEQ043_FP200000283TL_L01_SP2101280186/FP200000283TL_L01_50_1.fq.gz	/jbod1/seqAfrica/raw/disk1/210222_SEQ043_FP200000283TL_L01_SP2101280186/FP200000283TL_L01_50_2.fq.gz
CTauTzS_7107	/jbod1/seqAfrica/raw/disk4/210306_SEQ024_FP100002289BR_L01_SP2101280186/FP100002289BR_L01_50_1.fq.gz	/jbod1/seqAfrica/raw/disk4/210306_SEQ024_FP100002289BR_L01_SP2101280186/FP100002289BR_L01_50_2.fq.gz
CTauTzS_8872	/jbod1/seqAfrica/raw/disk4/210127_SEQ044_FP200000259BR_L01_SP2101080458/FP200000259BR_L01_521_1.fq.gz	/jbod1/seqAfrica/raw/disk4/210127_SEQ044_FP200000259BR_L01_SP2101080458/FP200000259BR_L01_521_2.fq.gz
CTauZmC_3748	/jbod1/seqAfrica/raw/disk1/210222_SEQ043_FP200000283TL_L01_SP2101280187/FP200000283TL_L01_51_1.fq.gz	/jbod1/seqAfrica/raw/disk1/210222_SEQ043_FP200000283TL_L01_SP2101280187/FP200000283TL_L01_51_2.fq.gz
CTauZmC_3745	/jbod1/seqAfrica/raw/disk4/210127_SEQ041_FP200000267BR_L01_SP2101080459/FP200000267BR_L01_522_1.fq.gz	/jbod1/seqAfrica/raw/disk4/210127_SEQ041_FP200000267BR_L01_SP2101080459/FP200000267BR_L01_522_2.fq.gz
CTauZmC_3746	/jbod1/seqAfrica/raw/disk1/210222_SEQ043_FP200000283TL_L01_SP2101280188/FP200000283TL_L01_52_1.fq.gz	/jbod1/seqAfrica/raw/disk1/210222_SEQ043_FP200000283TL_L01_SP2101280188/FP200000283TL_L01_52_2.fq.gz
CTauZmC_3747	/jbod1/seqAfrica/raw/disk1/210222_SEQ043_FP200000283TL_L01_SP2101280189/FP200000283TL_L01_53_1.fq.gz	/jbod1/seqAfrica/raw/disk1/210222_SEQ043_FP200000283TL_L01_SP2101280189/FP200000283TL_L01_53_2.fq.gz
CTauZmE_2542	/jbod1/seqAfrica/raw/disk4/210127_SEQ044_FP200000259BR_L01_SP2101080460/FP200000259BR_L01_523_1.fq.gz	/jbod1/seqAfrica/raw/disk4/210127_SEQ044_FP200000259BR_L01_SP2101080460/FP200000259BR_L01_523_2.fq.gz
CTauZmE_2552	/jbod1/seqAfrica/raw/disk2/210127_SEQ041_FP200000267BR_L01_SP2101080461/FP200000267BR_L01_524_1.fq.gz	/jbod1/seqAfrica/raw/disk2/210127_SEQ041_FP200000267BR_L01_SP2101080461/FP200000267BR_L01_524_2.fq.gz
CTauZmE_3749	/jbod1/seqAfrica/raw/disk1/210222_SEQ043_FP200000283TL_L01_SP2101280190/FP200000283TL_L01_116_1.fq.gz	/jbod1/seqAfrica/raw/disk1/210222_SEQ043_FP200000283TL_L01_SP2101280190/FP200000283TL_L01_116_2.fq.gz
CTauZw__1272	/jbod1/seqAfrica/raw/disk2/210127_SEQ044_FP200000259BR_L01_SP2101080462/FP200000259BR_L01_525_1.fq.gz	/jbod1/seqAfrica/raw/disk2/210127_SEQ044_FP200000259BR_L01_SP2101080462/FP200000259BR_L01_525_2.fq.gz
CTauZw__1273	/jbod1/seqAfrica/raw/disk1/210222_SEQ043_FP200000283TL_L01_SP2101280191/FP200000283TL_L01_55_1.fq.gz	/jbod1/seqAfrica/raw/disk1/210222_SEQ043_FP200000283TL_L01_SP2101280191/FP200000283TL_L01_55_2.fq.gz
CTauZw__1273	/jbod1/seqAfrica/raw/disk4/210306_SEQ024_FP100002289BR_L01_SP2101280191/FP100002289BR_L01_55_1.fq.gz	/jbod1/seqAfrica/raw/disk4/210306_SEQ024_FP100002289BR_L01_SP2101280191/FP100002289BR_L01_55_2.fq.gz
CTauZw__1274	/jbod1/seqAfrica/raw/disk1/210222_SEQ043_FP200000283TL_L01_SP2101280192/FP200000283TL_L01_56_1.fq.gz	/jbod1/seqAfrica/raw/disk1/210222_SEQ043_FP200000283TL_L01_SP2101280192/FP200000283TL_L01_56_2.fq.gz
CTauZw__1276	/jbod1/seqAfrica/raw/disk2/210127_SEQ044_FP200000259BR_L01_SP2101080463/FP200000259BR_L01_526_1.fq.gz	/jbod1/seqAfrica/raw/disk2/210127_SEQ044_FP200000259BR_L01_SP2101080463/FP200000259BR_L01_526_2.fq.gz
CTauZw__1277	/jbod1/seqAfrica/raw/disk2/210127_SEQ044_FP200000259BR_L01_SP2101080464/FP200000259BR_L01_527_1.fq.gz	/jbod1/seqAfrica/raw/disk2/210127_SEQ044_FP200000259BR_L01_SP2101080464/FP200000259BR_L01_527_2.fq.gz
CTauZw__1278	/jbod1/seqAfrica/raw/disk2/210127_SEQ044_FP200000259BR_L01_SP2101080465/FP200000259BR_L01_529_1.fq.gz	/jbod1/seqAfrica/raw/disk2/210127_SEQ044_FP200000259BR_L01_SP2101080465/FP200000259BR_L01_529_2.fq.gz
CTauZw__1279	/jbod1/seqAfrica/raw/disk2/210127_SEQ044_FP200000259BR_L01_SP2101080466/FP200000259BR_L01_530_1.fq.gz	/jbod1/seqAfrica/raw/disk2/210127_SEQ044_FP200000259BR_L01_SP2101080466/FP200000259BR_L01_530_2.fq.gz
CTauNaC_2635	/jbod1/seqAfrica/raw/disk2/210127_SEQ044_FP200000259BR_L01_SP2101080474/FP200000259BR_L01_538_1.fq.gz	/jbod1/seqAfrica/raw/disk2/210127_SEQ044_FP200000259BR_L01_SP2101080474/FP200000259BR_L01_538_2.fq.gz
CTauNaC_2636	/jbod1/seqAfrica/raw/disk2/210127_SEQ044_FP200000259BR_L01_SP2101080475/FP200000259BR_L01_539_1.fq.gz	/jbod1/seqAfrica/raw/disk2/210127_SEQ044_FP200000259BR_L01_SP2101080475/FP200000259BR_L01_539_2.fq.gz
CTauNaC_2638	/jbod1/seqAfrica/raw/disk2/210127_SEQ044_FP200000259BR_L01_SP2101080476/FP200000259BR_L01_540_1.fq.gz	/jbod1/seqAfrica/raw/disk2/210127_SEQ044_FP200000259BR_L01_SP2101080476/FP200000259BR_L01_540_2.fq.gz
CTauNaC_2639	/jbod1/seqAfrica/raw/disk1/210220_SEQ043_FP200000284TL_L01_SP2101280205/FP200000284TL_L01_69_1.fq.gz	/jbod1/seqAfrica/raw/disk1/210220_SEQ043_FP200000284TL_L01_SP2101280205/FP200000284TL_L01_69_2.fq.gz
CTauNaC__921	/jbod1/seqAfrica/raw/disk4/210127_SEQ044_FP200000259BR_L01_SP2101080468/FP200000259BR_L01_532_1.fq.gz	/jbod1/seqAfrica/raw/disk4/210127_SEQ044_FP200000259BR_L01_SP2101080468/FP200000259BR_L01_532_2.fq.gz
CTauNaC__935	/jbod1/seqAfrica/raw/disk4/210127_SEQ044_FP200000259BR_L01_SP2101080469/FP200000259BR_L01_533_1.fq.gz	/jbod1/seqAfrica/raw/disk4/210127_SEQ044_FP200000259BR_L01_SP2101080469/FP200000259BR_L01_533_2.fq.gz
CTauNaC__936	/jbod1/seqAfrica/raw/disk4/210127_SEQ044_FP200000259BR_L01_SP2101080470/FP200000259BR_L01_534_1.fq.gz	/jbod1/seqAfrica/raw/disk4/210127_SEQ044_FP200000259BR_L01_SP2101080470/FP200000259BR_L01_534_2.fq.gz
CTauNaC__940	/jbod1/seqAfrica/raw/disk2/210127_SEQ044_FP200000259BR_L01_SP2101080471/FP200000259BR_L01_535_1.fq.gz	/jbod1/seqAfrica/raw/disk2/210127_SEQ044_FP200000259BR_L01_SP2101080471/FP200000259BR_L01_535_2.fq.gz
CTauNaC__972	/jbod1/seqAfrica/raw/disk2/210127_SEQ044_FP200000259BR_L01_SP2101080472/FP200000259BR_L01_536_1.fq.gz	/jbod1/seqAfrica/raw/disk2/210127_SEQ044_FP200000259BR_L01_SP2101080472/FP200000259BR_L01_536_2.fq.gz
CTauNaC_1120	/jbod1/seqAfrica/raw/disk4/210127_SEQ044_FP200000259BR_L01_SP2101080473/FP200000259BR_L01_537_1.fq.gz	/jbod1/seqAfrica/raw/disk4/210127_SEQ044_FP200000259BR_L01_SP2101080473/FP200000259BR_L01_537_2.fq.gz
CTauTzND_738	/jbod1/seqAfrica/raw/disk4/210127_SEQ044_FP200000259BR_L01_SP2101080467/FP200000259BR_L01_531_1.fq.gz	/jbod1/seqAfrica/raw/disk4/210127_SEQ044_FP200000259BR_L01_SP2101080467/FP200000259BR_L01_531_2.fq.gz
CTauTzND_740	/jbod1/seqAfrica/raw/disk1/210222_SEQ043_FP200000283TL_L01_SP2101280193/FP200000283TL_L01_57_1.fq.gz	/jbod1/seqAfrica/raw/disk1/210222_SEQ043_FP200000283TL_L01_SP2101280193/FP200000283TL_L01_57_2.fq.gz
CTauTzND_741	/jbod1/seqAfrica/raw/disk1/210222_SEQ043_FP200000283TL_L01_SP2101280194/FP200000283TL_L01_58_1.fq.gz	/jbod1/seqAfrica/raw/disk1/210222_SEQ043_FP200000283TL_L01_SP2101280194/FP200000283TL_L01_58_2.fq.gz
CTauTzND_742	/jbod1/seqAfrica/raw/disk1/210222_SEQ043_FP200000283TL_L01_SP2101280195/FP200000283TL_L01_59_1.fq.gz	/jbod1/seqAfrica/raw/disk1/210222_SEQ043_FP200000283TL_L01_SP2101280195/FP200000283TL_L01_59_2.fq.gz
CTauTzND_743	/jbod1/seqAfrica/raw/disk1/210222_SEQ043_FP200000283TL_L01_SP2101280196/FP200000283TL_L01_60_1.fq.gz	/jbod1/seqAfrica/raw/disk1/210222_SEQ043_FP200000283TL_L01_SP2101280196/FP200000283TL_L01_60_2.fq.gz
CTauTzND_744	/jbod1/seqAfrica/raw/disk1/210222_SEQ043_FP200000283TL_L01_SP2101280197/FP200000283TL_L01_61_1.fq.gz	/jbod1/seqAfrica/raw/disk1/210222_SEQ043_FP200000283TL_L01_SP2101280197/FP200000283TL_L01_61_2.fq.gz
CTauTzND_745	/jbod1/seqAfrica/raw/disk1/210222_SEQ043_FP200000283TL_L01_SP2101280198/FP200000283TL_L01_62_1.fq.gz	/jbod1/seqAfrica/raw/disk1/210222_SEQ043_FP200000283TL_L01_SP2101280198/FP200000283TL_L01_62_2.fq.gz
CTauTzND_746	/jbod1/seqAfrica/raw/disk1/210222_SEQ043_FP200000283TL_L01_SP2101280199/FP200000283TL_L01_63_1.fq.gz	/jbod1/seqAfrica/raw/disk1/210222_SEQ043_FP200000283TL_L01_SP2101280199/FP200000283TL_L01_63_2.fq.gz
CTauTzND_747	/jbod1/seqAfrica/raw/disk1/210222_SEQ043_FP200000283TL_L01_SP2101280200/FP200000283TL_L01_64_1.fq.gz	/jbod1/seqAfrica/raw/disk1/210222_SEQ043_FP200000283TL_L01_SP2101280200/FP200000283TL_L01_64_2.fq.gz
CTauTzND_748	/jbod1/seqAfrica/raw/disk1/210222_SEQ043_FP200000283TL_L01_SP2101280201/FP200000283TL_L01_65_1.fq.gz	/jbod1/seqAfrica/raw/disk1/210222_SEQ043_FP200000283TL_L01_SP2101280201/FP200000283TL_L01_65_2.fq.gz
CTauTzND_749	/jbod1/seqAfrica/raw/disk1/210222_SEQ043_FP200000283TL_L01_SP2101280202/FP200000283TL_L01_66_1.fq.gz	/jbod1/seqAfrica/raw/disk1/210222_SEQ043_FP200000283TL_L01_SP2101280202/FP200000283TL_L01_66_2.fq.gz
CTauTzND_750	/jbod1/seqAfrica/raw/disk1/210222_SEQ043_FP200000283TL_L01_SP2101280203/FP200000283TL_L01_67_1.fq.gz	/jbod1/seqAfrica/raw/disk1/210222_SEQ043_FP200000283TL_L01_SP2101280203/FP200000283TL_L01_67_2.fq.gz
CTauTzND_751	/jbod1/seqAfrica/raw/disk1/210222_SEQ043_FP200000283TL_L01_SP2101280204/FP200000283TL_L01_68_1.fq.gz	/jbod1/seqAfrica/raw/disk1/210222_SEQ043_FP200000283TL_L01_SP2101280204/FP200000283TL_L01_68_2.fq.gz
CTauBwN_8010	/jbod1/seqAfrica/raw/theLost7/OBDWLZ-202012125D-01/2021-04-22/210128_SEQ022_FP100002120TR_L01_SP2101110731/FP100002120TR_L01_589_1.fq.gz	/jbod1/seqAfrica/raw/theLost7/OBDWLZ-202012125D-01/2021-04-22/210128_SEQ022_FP100002120TR_L01_SP2101110731/FP100002120TR_L01_589_2.fq.gz
		
CGnoZaE58005	/home/users/xiaodong/Documents/Project/African1kg/Wildebeest/sid.erda.dk/share_redirect/A2ZSqwRq3X/LIB110486_wildebeest_black_200758005/run002/110486_S1_L001_R1_001.fastq.gz	/home/users/xiaodong/Documents/Project/African1kg/Wildebeest/sid.erda.dk/share_redirect/A2ZSqwRq3X/LIB110486_wildebeest_black_200758005/run002/110486_S1_L001_R2_001.fastq.gz
CGnoZaE58005	/home/users/xiaodong/Documents/Project/African1kg/Wildebeest/sid.erda.dk/share_redirect/A2ZSqwRq3X/LIB110486_wildebeest_black_200758005/run002/110486_S1_L002_R1_001.fastq.gz	/home/users/xiaodong/Documents/Project/African1kg/Wildebeest/sid.erda.dk/share_redirect/A2ZSqwRq3X/LIB110486_wildebeest_black_200758005/run002/110486_S1_L002_R2_001.fastq.gz
CGnoZaE58005	/home/users/xiaodong/Documents/Project/African1kg/Wildebeest/sid.erda.dk/share_redirect/A2ZSqwRq3X/LIB110486_wildebeest_black_200758005/run003/LIB110486_S1_L001_R1_001.fastq.gz	/home/users/xiaodong/Documents/Project/African1kg/Wildebeest/sid.erda.dk/share_redirect/A2ZSqwRq3X/LIB110486_wildebeest_black_200758005/run003/LIB110486_S1_L001_R2_001.fastq.gz
CGnoZa_58006	/home/users/xiaodong/Documents/Project/African1kg/Wildebeest/sid.erda.dk/share_redirect/A2ZSqwRq3X/LIB110487_wildebeest_black_200758006/run002/110487_S2_L001_R1_001.fastq.gz	/home/users/xiaodong/Documents/Project/African1kg/Wildebeest/sid.erda.dk/share_redirect/A2ZSqwRq3X/LIB110487_wildebeest_black_200758006/run002/110487_S2_L001_R2_001.fastq.gz
CGnoZa_58006	/home/users/xiaodong/Documents/Project/African1kg/Wildebeest/sid.erda.dk/share_redirect/A2ZSqwRq3X/LIB110487_wildebeest_black_200758006/run002/110487_S2_L002_R1_001.fastq.gz	/home/users/xiaodong/Documents/Project/African1kg/Wildebeest/sid.erda.dk/share_redirect/A2ZSqwRq3X/LIB110487_wildebeest_black_200758006/run002/110487_S2_L002_R2_001.fastq.gz
CGnoZa_58006	/home/users/xiaodong/Documents/Project/African1kg/Wildebeest/sid.erda.dk/share_redirect/A2ZSqwRq3X/LIB110487_wildebeest_black_200758006/run003/LIB110487_S2_L001_R1_001.fastq.gz	/home/users/xiaodong/Documents/Project/African1kg/Wildebeest/sid.erda.dk/share_redirect/A2ZSqwRq3X/LIB110487_wildebeest_black_200758006/run003/LIB110487_S2_L001_R2_001.fastq.gz
CGnoZa_58006	/home/users/xiaodong/Documents/Project/African1kg/Wildebeest/sid.erda.dk/share_redirect/A2ZSqwRq3X/LIB110487_wildebeest_black_200758006/run008/110487_S2_L001_R1_001.fastq.gz	/home/users/xiaodong/Documents/Project/African1kg/Wildebeest/sid.erda.dk/share_redirect/A2ZSqwRq3X/LIB110487_wildebeest_black_200758006/run008/110487_S2_L001_R2_001.fastq.gz
CGnoZa_58006	/home/users/xiaodong/Documents/Project/African1kg/Wildebeest/sid.erda.dk/share_redirect/A2ZSqwRq3X/LIB110487_wildebeest_black_200758006/run012/LIB110487_S1_L001_R1_001.fastq.gz	/home/users/xiaodong/Documents/Project/African1kg/Wildebeest/sid.erda.dk/share_redirect/A2ZSqwRq3X/LIB110487_wildebeest_black_200758006/run012/LIB110487_S1_L001_R2_001.fastq.gz
CGnoZa_58006	/home/users/xiaodong/Documents/Project/African1kg/Wildebeest/sid.erda.dk/share_redirect/A2ZSqwRq3X/LIB110487_wildebeest_black_200758006/run012/LIB110487_S1_L002_R1_001.fastq.gz	/home/users/xiaodong/Documents/Project/African1kg/Wildebeest/sid.erda.dk/share_redirect/A2ZSqwRq3X/LIB110487_wildebeest_black_200758006/run012/LIB110487_S1_L002_R2_001.fastq.gz
CGnoZa_58006	/home/users/xiaodong/Documents/Project/African1kg/Wildebeest/sid.erda.dk/share_redirect/A2ZSqwRq3X/LIB110487_wildebeest_black_200758006/run014/LIB110487_S1_L001_R1_001.fastq.gz	/home/users/xiaodong/Documents/Project/African1kg/Wildebeest/sid.erda.dk/share_redirect/A2ZSqwRq3X/LIB110487_wildebeest_black_200758006/run014/LIB110487_S1_L001_R2_001.fastq.gz
CGnoZa_58007	/home/users/xiaodong/Documents/Project/African1kg/Wildebeest/sid.erda.dk/share_redirect/A2ZSqwRq3X/LIB110488_wildebeest_black_200758007/run002/110488_S3_L001_R1_001.fastq.gz	/home/users/xiaodong/Documents/Project/African1kg/Wildebeest/sid.erda.dk/share_redirect/A2ZSqwRq3X/LIB110488_wildebeest_black_200758007/run002/110488_S3_L001_R2_001.fastq.gz
CGnoZa_58007	/home/users/xiaodong/Documents/Project/African1kg/Wildebeest/sid.erda.dk/share_redirect/A2ZSqwRq3X/LIB110488_wildebeest_black_200758007/run002/110488_S3_L002_R1_001.fastq.gz	/home/users/xiaodong/Documents/Project/African1kg/Wildebeest/sid.erda.dk/share_redirect/A2ZSqwRq3X/LIB110488_wildebeest_black_200758007/run002/110488_S3_L002_R2_001.fastq.gz
CGnoZa_58007	/home/users/xiaodong/Documents/Project/African1kg/Wildebeest/sid.erda.dk/share_redirect/A2ZSqwRq3X/LIB110488_wildebeest_black_200758007/run003/LIB110488_S3_L001_R1_001.fastq.gz	/home/users/xiaodong/Documents/Project/African1kg/Wildebeest/sid.erda.dk/share_redirect/A2ZSqwRq3X/LIB110488_wildebeest_black_200758007/run003/LIB110488_S3_L001_R2_001.fastq.gz
CGnoZa_58007	/home/users/xiaodong/Documents/Project/African1kg/Wildebeest/sid.erda.dk/share_redirect/A2ZSqwRq3X/LIB110488_wildebeest_black_200758007/run008/110488_S3_L001_R1_001.fastq.gz	/home/users/xiaodong/Documents/Project/African1kg/Wildebeest/sid.erda.dk/share_redirect/A2ZSqwRq3X/LIB110488_wildebeest_black_200758007/run008/110488_S3_L001_R2_001.fastq.gz
CGnoZa_58007	/home/users/xiaodong/Documents/Project/African1kg/Wildebeest/sid.erda.dk/share_redirect/A2ZSqwRq3X/LIB110488_wildebeest_black_200758007/run012/LIB110488_S2_L001_R1_001.fastq.gz	/home/users/xiaodong/Documents/Project/African1kg/Wildebeest/sid.erda.dk/share_redirect/A2ZSqwRq3X/LIB110488_wildebeest_black_200758007/run012/LIB110488_S2_L001_R2_001.fastq.gz
CGnoZa_58007	/home/users/xiaodong/Documents/Project/African1kg/Wildebeest/sid.erda.dk/share_redirect/A2ZSqwRq3X/LIB110488_wildebeest_black_200758007/run012/LIB110488_S2_L002_R1_001.fastq.gz	/home/users/xiaodong/Documents/Project/African1kg/Wildebeest/sid.erda.dk/share_redirect/A2ZSqwRq3X/LIB110488_wildebeest_black_200758007/run012/LIB110488_S2_L002_R2_001.fastq.gz
CGnoZa_58007	/home/users/xiaodong/Documents/Project/African1kg/Wildebeest/sid.erda.dk/share_redirect/A2ZSqwRq3X/LIB110488_wildebeest_black_200758007/run014/LIB110488_S2_L001_R1_001.fastq.gz	/home/users/xiaodong/Documents/Project/African1kg/Wildebeest/sid.erda.dk/share_redirect/A2ZSqwRq3X/LIB110488_wildebeest_black_200758007/run014/LIB110488_S2_L001_R2_001.fastq.gz
CGnoZaE58013	/home/users/xiaodong/Documents/Project/African1kg/Wildebeest/sid.erda.dk/share_redirect/A2ZSqwRq3X/LIB110489_wildebeest_black_201258013/run002/110489_S4_L001_R1_001.fastq.gz	/home/users/xiaodong/Documents/Project/African1kg/Wildebeest/sid.erda.dk/share_redirect/A2ZSqwRq3X/LIB110489_wildebeest_black_201258013/run002/110489_S4_L001_R2_001.fastq.gz
CGnoZaE58013	/home/users/xiaodong/Documents/Project/African1kg/Wildebeest/sid.erda.dk/share_redirect/A2ZSqwRq3X/LIB110489_wildebeest_black_201258013/run002/110489_S4_L002_R1_001.fastq.gz	/home/users/xiaodong/Documents/Project/African1kg/Wildebeest/sid.erda.dk/share_redirect/A2ZSqwRq3X/LIB110489_wildebeest_black_201258013/run002/110489_S4_L002_R2_001.fastq.gz
CGnoZaN58014	/home/users/xiaodong/Documents/Project/African1kg/Wildebeest/sid.erda.dk/share_redirect/A2ZSqwRq3X/LIB110490_wildebeest_black_201258014/run002/110490_S5_L001_R1_001.fastq.gz	/home/users/xiaodong/Documents/Project/African1kg/Wildebeest/sid.erda.dk/share_redirect/A2ZSqwRq3X/LIB110490_wildebeest_black_201258014/run002/110490_S5_L001_R2_001.fastq.gz
CGnoZaN58014	/home/users/xiaodong/Documents/Project/African1kg/Wildebeest/sid.erda.dk/share_redirect/A2ZSqwRq3X/LIB110490_wildebeest_black_201258014/run002/110490_S5_L002_R1_001.fastq.gz	/home/users/xiaodong/Documents/Project/African1kg/Wildebeest/sid.erda.dk/share_redirect/A2ZSqwRq3X/LIB110490_wildebeest_black_201258014/run002/110490_S5_L002_R2_001.fastq.gz
CGnoNa_58015	/home/users/xiaodong/Documents/Project/African1kg/Wildebeest/sid.erda.dk/share_redirect/A2ZSqwRq3X/LIB110491_wildebeest_black_201258015/run002/110491_S6_L001_R1_001.fastq.gz	/home/users/xiaodong/Documents/Project/African1kg/Wildebeest/sid.erda.dk/share_redirect/A2ZSqwRq3X/LIB110491_wildebeest_black_201258015/run002/110491_S6_L001_R2_001.fastq.gz
CGnoNa_58015	/home/users/xiaodong/Documents/Project/African1kg/Wildebeest/sid.erda.dk/share_redirect/A2ZSqwRq3X/LIB110491_wildebeest_black_201258015/run002/110491_S6_L002_R1_001.fastq.gz	/home/users/xiaodong/Documents/Project/African1kg/Wildebeest/sid.erda.dk/share_redirect/A2ZSqwRq3X/LIB110491_wildebeest_black_201258015/run002/110491_S6_L002_R2_001.fastq.gz
CGnoNa_58015	/home/users/xiaodong/Documents/Project/African1kg/Wildebeest/sid.erda.dk/share_redirect/A2ZSqwRq3X/LIB110491_wildebeest_black_201258015/run003/LIB110491_S4_L001_R1_001.fastq.gz	/home/users/xiaodong/Documents/Project/African1kg/Wildebeest/sid.erda.dk/share_redirect/A2ZSqwRq3X/LIB110491_wildebeest_black_201258015/run003/LIB110491_S4_L001_R2_001.fastq.gz
CGnoZa_58016	/home/users/xiaodong/Documents/Project/African1kg/Wildebeest/sid.erda.dk/share_redirect/A2ZSqwRq3X/LIB110492_wildebeest_black_201258016/run002/110492_S7_L001_R1_001.fastq.gz	/home/users/xiaodong/Documents/Project/African1kg/Wildebeest/sid.erda.dk/share_redirect/A2ZSqwRq3X/LIB110492_wildebeest_black_201258016/run002/110492_S7_L001_R2_001.fastq.gz
CGnoZa_58016	/home/users/xiaodong/Documents/Project/African1kg/Wildebeest/sid.erda.dk/share_redirect/A2ZSqwRq3X/LIB110492_wildebeest_black_201258016/run002/110492_S7_L002_R1_001.fastq.gz	/home/users/xiaodong/Documents/Project/African1kg/Wildebeest/sid.erda.dk/share_redirect/A2ZSqwRq3X/LIB110492_wildebeest_black_201258016/run002/110492_S7_L002_R2_001.fastq.gz
CGnoNa_58017	/home/users/xiaodong/Documents/Project/African1kg/Wildebeest/sid.erda.dk/share_redirect/A2ZSqwRq3X/LIB110493_wildebeest_black_201258017/run002/110493_S8_L001_R1_001.fastq.gz	/home/users/xiaodong/Documents/Project/African1kg/Wildebeest/sid.erda.dk/share_redirect/A2ZSqwRq3X/LIB110493_wildebeest_black_201258017/run002/110493_S8_L001_R2_001.fastq.gz
CGnoNa_58017	/home/users/xiaodong/Documents/Project/African1kg/Wildebeest/sid.erda.dk/share_redirect/A2ZSqwRq3X/LIB110493_wildebeest_black_201258017/run002/110493_S8_L002_R1_001.fastq.gz	/home/users/xiaodong/Documents/Project/African1kg/Wildebeest/sid.erda.dk/share_redirect/A2ZSqwRq3X/LIB110493_wildebeest_black_201258017/run002/110493_S8_L002_R2_001.fastq.gz
CGnoNa_58017	/home/users/xiaodong/Documents/Project/African1kg/Wildebeest/sid.erda.dk/share_redirect/A2ZSqwRq3X/LIB110493_wildebeest_black_201258017/run003/LIB110493_S5_L001_R1_001.fastq.gz	/home/users/xiaodong/Documents/Project/African1kg/Wildebeest/sid.erda.dk/share_redirect/A2ZSqwRq3X/LIB110493_wildebeest_black_201258017/run003/LIB110493_S5_L001_R2_001.fastq.gz
ABusKeW__626	/jbod1/seqAfrica/raw/disk4/210127_SEQ041_FP200000267BR_L01_SP2101080369/FP200000267BR_L01_527_1.fq.gz	/jbod1/seqAfrica/raw/disk4/210127_SEQ041_FP200000267BR_L01_SP2101080369/FP200000267BR_L01_527_2.fq.gz
ABusZmW_4583	/jbod1/seqAfrica/raw/disk1/210220_SEQ013_FP100002004BL_L01_SP2101080402/FP100002004BL_L01_561_1.fq.gz	/jbod1/seqAfrica/raw/disk1/210220_SEQ013_FP100002004BL_L01_SP2101080402/FP100002004BL_L01_561_2.fq.gz
DLunKeW__791	/jbod1/seqAfrica/raw/disk2/210126_SEQ023_FP100002214TR_L01_SP2101080339/FP100002214TR_L01_593_1.fq.gz	/jbod1/seqAfrica/raw/disk2/210126_SEQ023_FP100002214TR_L01_SP2101080339/FP100002214TR_L01_593_2.fq.gz
DLunBwN_2239	/jbod1/seqAfrica/raw/disk2/210126_SEQ023_FP100002214TR_L01_SP2101080321/FP100002214TR_L01_575_1.fq.gz	/jbod1/seqAfrica/raw/disk2/210126_SEQ023_FP100002214TR_L01_SP2101080321/FP100002214TR_L01_575_2.fq.gz
OGazCaPR4864	/home/users/long/Wildebeest/gemsbok/SRR7503135_1.fastq.gz	/home/users/long/Wildebeest/gemsbok/SRR7503135_2.fastq.gz
OGazCaPR4864	/home/users/long/Wildebeest/gemsbok/SRR7503136_1.fastq.gz	/home/users/long/Wildebeest/gemsbok/SRR7503136_2.fastq.gz
OGazCaPR4864	/home/users/long/Wildebeest/gemsbok/SRR7503137_1.fastq.gz	/home/users/long/Wildebeest/gemsbok/SRR7503137_2.fastq.gz
OGazCaPR4864	/home/users/long/Wildebeest/gemsbok/SRR7503138_1.fastq.gz	/home/users/long/Wildebeest/gemsbok/SRR7503138_2.fastq.gz
OGazCaPR4864	/home/users/long/Wildebeest/gemsbok/SRR7503139_1.fastq.gz	/home/users/long/Wildebeest/gemsbok/SRR7503139_2.fastq.gz
OGazCaPR4864	/home/users/long/Wildebeest/gemsbok/SRR7503140_1.fastq.gz	/home/users/long/Wildebeest/gemsbok/SRR7503140_2.fastq.gz
OGazCaPR4864	/home/users/long/Wildebeest/gemsbok/SRR7503151_1.fastq.gz	/home/users/long/Wildebeest/gemsbok/SRR7503151_2.fastq.gz
OGazCaPR4864	/home/users/long/Wildebeest/gemsbok/SRR7503152_1.fastq.gz	/home/users/long/Wildebeest/gemsbok/SRR7503152_2.fastq.gz
OGazCaPR4864	/home/users/long/Wildebeest/gemsbok/SRR7503153_1.fastq.gz	/home/users/long/Wildebeest/gemsbok/SRR7503153_2.fastq.gz
OGazCaPR4864	/home/users/long/Wildebeest/gemsbok/SRR7503154_1.fastq.gz	/home/users/long/Wildebeest/gemsbok/SRR7503154_2.fastq.gz
OGazCaPR4864	/home/users/long/Wildebeest/gemsbok/SRR7503159_1.fastq.gz	/home/users/long/Wildebeest/gemsbok/SRR7503159_2.fastq.gz
OGazCaPR4864	/home/users/long/Wildebeest/gemsbok/SRR7503160_1.fastq.gz	/home/users/long/Wildebeest/gemsbok/SRR7503160_2.fastq.gz
